{"initial_reset_timestamp": 1620685771.4157262, "timestamps": [1620685772.903529, 1620685773.3715358, 1620685773.3996701, 1620685773.4431412, 1620685773.508171, 1620685773.537926, 1620685773.590805, 1620685773.635953, 1620685773.789927, 1620685773.891094, 1620685773.925954, 1620685774.055292, 1620685774.0985138, 1620685774.1385221, 1620685774.175861, 1620685774.23036, 1620685774.265358, 1620685774.308842, 1620685774.3313842, 1620685774.359051, 1620685774.4028559, 1620685774.471204, 1620685774.529848, 1620685774.555555, 1620685774.597816, 1620685774.6287308, 1620685774.661439, 1620685774.856318, 1620685774.906902, 1620685774.939619, 1620685774.999595, 1620685775.042806, 1620685775.0680802, 1620685775.103144, 1620685775.231324, 1620685775.2656262, 1620685775.39044, 1620685775.420032, 1620685775.441382, 1620685775.478643, 1620685775.5064309, 1620685775.533311, 1620685775.6404119, 1620685775.665177, 1620685775.694423, 1620685775.726437, 1620685775.764689, 1620685775.8306649, 1620685775.892264, 1620685775.9284139, 1620685775.972951, 1620685776.00784, 1620685776.053364, 1620685776.1306188, 1620685776.3112, 1620685776.370545, 1620685776.399626, 1620685776.498434, 1620685776.5727098, 1620685776.688863, 1620685776.82085, 1620685776.883811, 1620685776.916009, 1620685776.9715142, 1620685777.158311, 1620685777.2123861, 1620685777.242097, 1620685777.268489, 1620685777.2951539, 1620685777.319614, 1620685777.348906, 1620685777.3738508, 1620685777.402393, 1620685777.521009, 1620685777.6555, 1620685777.7758121, 1620685777.904217, 1620685778.02547, 1620685778.379452, 1620685778.457226, 1620685778.4892428, 1620685778.535025, 1620685778.561447, 1620685778.593914, 1620685778.629716, 1620685778.679299, 1620685778.723169, 1620685778.756292, 1620685778.784889, 1620685778.817269, 1620685778.873537, 1620685778.9229739, 1620685778.950845, 1620685779.004587, 1620685779.051732, 1620685779.1301749, 1620685779.161116, 1620685779.2202518, 1620685779.3477209, 1620685779.4925802, 1620685779.606258, 1620685779.6479418, 1620685779.775904, 1620685780.00427, 1620685780.063243, 1620685780.109691, 1620685780.164886, 1620685780.294156, 1620685780.354717, 1620685780.4227788, 1620685780.4720168, 1620685780.532095, 1620685780.576153, 1620685780.627135, 1620685780.7366772, 1620685780.7997499, 1620685780.9076989, 1620685781.008457, 1620685781.174284, 1620685781.381629, 1620685781.616895, 1620685781.8743029, 1620685782.075186, 1620685782.21914, 1620685782.337899], "episode_lengths": [14, 24, 17, 21, 26, 12, 21, 17, 8, 31, 14, 53, 18, 16, 15, 20, 13, 18, 9, 10, 17, 27, 23, 10, 17, 12, 12, 10, 10, 12, 22, 16, 10, 13, 45, 13, 46, 11, 8, 12, 10, 9, 40, 9, 10, 10, 12, 22, 22, 12, 15, 12, 15, 26, 62, 19, 10, 33, 25, 40, 43, 18, 10, 15, 9, 11, 10, 9, 9, 8, 10, 8, 9, 42, 47, 43, 48, 42, 108, 24, 11, 15, 9, 9, 9, 12, 12, 10, 9, 10, 19, 16, 9, 18, 16, 27, 10, 17, 39, 46, 36, 13, 40, 71, 20, 15, 18, 46, 20, 21, 16, 21, 14, 16, 36, 22, 35, 35, 57, 73, 64, 37, 40, 32, 31], "episode_rewards": [14.0, 24.0, 17.0, 21.0, 26.0, 12.0, 21.0, 17.0, 8.0, 31.0, 14.0, 53.0, 18.0, 16.0, 15.0, 20.0, 13.0, 18.0, 9.0, 10.0, 17.0, 27.0, 23.0, 10.0, 17.0, 12.0, 12.0, 10.0, 10.0, 12.0, 22.0, 16.0, 10.0, 13.0, 45.0, 13.0, 46.0, 11.0, 8.0, 12.0, 10.0, 9.0, 40.0, 9.0, 10.0, 10.0, 12.0, 22.0, 22.0, 12.0, 15.0, 12.0, 15.0, 26.0, 62.0, 19.0, 10.0, 33.0, 25.0, 40.0, 43.0, 18.0, 10.0, 15.0, 9.0, 11.0, 10.0, 9.0, 9.0, 8.0, 10.0, 8.0, 9.0, 42.0, 47.0, 43.0, 48.0, 42.0, 108.0, 24.0, 11.0, 15.0, 9.0, 9.0, 9.0, 12.0, 12.0, 10.0, 9.0, 10.0, 19.0, 16.0, 9.0, 18.0, 16.0, 27.0, 10.0, 17.0, 39.0, 46.0, 36.0, 13.0, 40.0, 71.0, 20.0, 15.0, 18.0, 46.0, 20.0, 21.0, 16.0, 21.0, 14.0, 16.0, 36.0, 22.0, 35.0, 35.0, 57.0, 73.0, 64.0, 37.0, 40.0, 32.0, 31.0], "episode_types": ["t", "t", "t", "t", "t", "t", "t", "t", "t", "t", "t", "t", "t", "t", "t", "t", "t", "t", "t", "t", "t", "t", "t", "t", "t", "t", "t", "t", "t", "t", "t", "t", "t", "t", "t", "t", "t", "t", "t", "t", "t", "t", "t", "t", "t", "t", "t", "t", "t", "t", "t", "t", "t", "t", "t", "t", "t", "t", "t", "t", "t", "t", "t", "t", "t", "t", "t", "t", "t", "t", "t", "t", "t", "t", "t", "t", "t", "t", "t", "t", "t", "t", "t", "t", "t", "t", "t", "t", "t", "t", "t", "t", "t", "t", "t", "t", "t", "t", "t", "t", "t", "t", "t", "t", "t", "t", "t", "t", "t", "t", "t", "t", "t", "t", "t", "t", "t", "t", "t", "t", "t", "t", "t", "t", "t", "t"]}